date,location,new_cases,new_deaths,total_cases,total_deaths,weekly_cases,weekly_deaths,biweekly_cases,biweekly_deaths
2020-01-27,Germany,1.0,,1.0,,,,,
2020-01-28,Germany,3.0,,4.0,,,,,
2020-01-29,Germany,0.0,,4.0,,,,,
2020-01-30,Germany,0.0,,4.0,,,,,
2020-01-31,Germany,1.0,,5.0,,,,,
2020-02-01,Germany,3.0,,8.0,,8.0,,,
2020-02-02,Germany,2.0,,10.0,,10.0,,,
2020-02-03,Germany,2.0,,12.0,,11.0,,,
2020-02-04,Germany,0.0,,12.0,,8.0,,,
2020-02-05,Germany,0.0,,12.0,,8.0,,,
2020-02-06,Germany,0.0,,12.0,,8.0,,,
2020-02-07,Germany,1.0,,13.0,,8.0,,,
2020-02-08,Germany,0.0,,13.0,,5.0,,13.0,
2020-02-09,Germany,1.0,,14.0,,4.0,,14.0,
2020-02-10,Germany,0.0,,14.0,,2.0,,13.0,
2020-02-11,Germany,2.0,,16.0,,4.0,,12.0,
2020-02-12,Germany,0.0,,16.0,,4.0,,12.0,
2020-02-13,Germany,0.0,,16.0,,4.0,,12.0,
2020-02-14,Germany,0.0,,16.0,,3.0,,11.0,
2020-02-15,Germany,0.0,,16.0,,3.0,,8.0,
2020-02-16,Germany,0.0,,16.0,,2.0,,6.0,
2020-02-17,Germany,0.0,,16.0,,2.0,,4.0,
2020-02-18,Germany,0.0,,16.0,,0.0,,4.0,
2020-02-19,Germany,0.0,,16.0,,0.0,,4.0,
2020-02-20,Germany,0.0,,16.0,,0.0,,4.0,
2020-02-21,Germany,0.0,,16.0,,0.0,,3.0,
2020-02-22,Germany,0.0,,16.0,,0.0,,3.0,
2020-02-23,Germany,0.0,,16.0,,0.0,,2.0,
2020-02-24,Germany,0.0,,16.0,,0.0,,2.0,
2020-02-25,Germany,0.0,,16.0,,0.0,,0.0,
2020-02-26,Germany,5.0,,21.0,,5.0,,5.0,
2020-02-27,Germany,5.0,,26.0,,10.0,,10.0,
2020-02-28,Germany,27.0,,53.0,,37.0,,37.0,
2020-02-29,Germany,13.0,,66.0,,50.0,,50.0,
2020-03-01,Germany,51.0,,117.0,,101.0,,101.0,
2020-03-02,Germany,33.0,,150.0,,134.0,,134.0,
2020-03-03,Germany,38.0,,188.0,,172.0,,172.0,
2020-03-04,Germany,74.0,,262.0,,241.0,,246.0,
2020-03-05,Germany,138.0,,400.0,,374.0,,384.0,
2020-03-06,Germany,239.0,,639.0,,586.0,,623.0,
2020-03-07,Germany,156.0,,795.0,,729.0,,779.0,
2020-03-08,Germany,107.0,,902.0,,785.0,,886.0,
2020-03-09,Germany,237.0,2.0,1139.0,2.0,989.0,,1123.0,
2020-03-10,Germany,157.0,0.0,1296.0,2.0,1108.0,,1280.0,
2020-03-11,Germany,271.0,1.0,1567.0,3.0,1305.0,,1546.0,
2020-03-12,Germany,802.0,2.0,2369.0,5.0,1969.0,,2343.0,
2020-03-13,Germany,693.0,0.0,3062.0,5.0,2423.0,,3009.0,
2020-03-14,Germany,733.0,3.0,3795.0,8.0,3000.0,8.0,3729.0,
2020-03-15,Germany,1043.0,4.0,4838.0,12.0,3936.0,12.0,4721.0,
2020-03-16,Germany,1174.0,1.0,6012.0,13.0,4873.0,11.0,5862.0,
2020-03-17,Germany,1144.0,,7156.0,12.0,5860.0,,6968.0,
2020-03-18,Germany,1042.0,0.0,8198.0,12.0,6631.0,10.0,7936.0,
2020-03-19,Germany,2801.0,8.0,10999.0,20.0,8630.0,16.0,10599.0,
2020-03-20,Germany,2958.0,11.0,13957.0,31.0,10895.0,27.0,13318.0,
2020-03-21,Germany,2705.0,16.0,16662.0,47.0,12867.0,40.0,15867.0,
2020-03-22,Germany,1948.0,8.0,18610.0,55.0,13772.0,44.0,17708.0,56.0
2020-03-23,Germany,4062.0,31.0,22672.0,86.0,16660.0,74.0,21533.0,85.0
2020-03-24,Germany,4764.0,28.0,27436.0,114.0,20280.0,102.0,26140.0,113.0
2020-03-25,Germany,4118.0,35.0,31554.0,149.0,23356.0,137.0,29987.0,147.0
2020-01-22,United States,,,1.0,,,,,
2020-01-23,United States,0.0,,1.0,,,,,
2020-01-24,United States,1.0,,2.0,,,,,
2020-01-25,United States,0.0,,2.0,,,,,
2020-01-26,United States,3.0,,5.0,,,,,
2020-01-27,United States,0.0,,5.0,,,,,
2020-01-28,United States,0.0,,5.0,,4.0,,,
2020-01-29,United States,1.0,,6.0,,5.0,,,
2020-01-30,United States,0.0,,6.0,,5.0,,,
2020-01-31,United States,2.0,,8.0,,6.0,,,
2020-02-01,United States,0.0,,8.0,,6.0,,,
2020-02-02,United States,0.0,,8.0,,3.0,,,
2020-02-03,United States,3.0,,11.0,,6.0,,,
2020-02-04,United States,0.0,,11.0,,6.0,,10.0,
2020-02-05,United States,0.0,,11.0,,5.0,,10.0,
2020-02-06,United States,1.0,,12.0,,6.0,,11.0,
2020-02-07,United States,0.0,,12.0,,4.0,,10.0,
2020-02-08,United States,0.0,,12.0,,4.0,,10.0,
2020-02-09,United States,0.0,,12.0,,4.0,,7.0,
2020-02-10,United States,0.0,,12.0,,1.0,,7.0,
2020-02-11,United States,1.0,,13.0,,2.0,,8.0,
2020-02-12,United States,0.0,,13.0,,2.0,,7.0,
2020-02-13,United States,1.0,,14.0,,2.0,,8.0,
2020-02-14,United States,0.0,,14.0,,2.0,,6.0,
2020-02-15,United States,0.0,,14.0,,2.0,,6.0,
2020-02-16,United States,0.0,,14.0,,2.0,,6.0,
2020-02-17,United States,0.0,,14.0,,2.0,,3.0,
2020-02-18,United States,0.0,,14.0,,1.0,,3.0,
2020-02-19,United States,0.0,,14.0,,1.0,,3.0,
2020-02-20,United States,0.0,,14.0,,0.0,,2.0,
2020-02-21,United States,2.0,,16.0,,2.0,,4.0,
2020-02-22,United States,0.0,,16.0,,2.0,,4.0,
2020-02-23,United States,0.0,,16.0,,2.0,,4.0,
2020-02-24,United States,0.0,,16.0,,2.0,,4.0,
2020-02-25,United States,0.0,,16.0,,2.0,,3.0,
2020-02-26,United States,0.0,,16.0,,2.0,,3.0,
2020-02-27,United States,1.0,,17.0,,3.0,,3.0,
2020-02-28,United States,0.0,,17.0,,1.0,,3.0,
2020-02-29,United States,8.0,1.0,25.0,1.0,9.0,,11.0,
2020-03-01,United States,7.0,0.0,32.0,1.0,16.0,,18.0,
2020-03-02,United States,23.0,5.0,55.0,6.0,39.0,,41.0,
2020-03-03,United States,19.0,1.0,74.0,7.0,58.0,,60.0,
2020-03-04,United States,33.0,4.0,107.0,11.0,91.0,,93.0,
2020-03-05,United States,77.0,1.0,184.0,12.0,167.0,12.0,170.0,
2020-03-06,United States,53.0,2.0,237.0,14.0,220.0,14.0,221.0,
2020-03-07,United States,166.0,3.0,403.0,17.0,378.0,16.0,387.0,
2020-03-08,United States,116.0,4.0,519.0,21.0,487.0,20.0,503.0,
2020-03-09,United States,75.0,1.0,594.0,22.0,539.0,16.0,578.0,
2020-03-10,United States,188.0,6.0,782.0,28.0,708.0,21.0,766.0,
2020-03-11,United States,365.0,5.0,1147.0,33.0,1040.0,22.0,1131.0,
2020-03-12,United States,439.0,10.0,1586.0,43.0,1402.0,31.0,1569.0,43.0
2020-03-13,United States,633.0,8.0,2219.0,51.0,1982.0,37.0,2202.0,51.0
2020-03-14,United States,759.0,7.0,2978.0,58.0,2575.0,41.0,2953.0,57.0
2020-03-15,United States,234.0,12.0,3212.0,70.0,2693.0,49.0,3180.0,69.0
2020-03-16,United States,1467.0,27.0,4679.0,97.0,4085.0,75.0,4624.0,91.0
2020-03-17,United States,1833.0,37.0,6512.0,134.0,5730.0,106.0,6438.0,127.0
2020-03-18,United States,2657.0,60.0,9169.0,194.0,8022.0,161.0,9062.0,183.0
2020-03-19,United States,4494.0,72.0,13663.0,266.0,12077.0,223.0,13479.0,254.0
2020-03-20,United States,6367.0,106.0,20030.0,372.0,17811.0,321.0,19793.0,358.0
2020-03-21,United States,5995.0,103.0,26025.0,475.0,23047.0,417.0,25622.0,458.0
2020-03-22,United States,8919.0,128.0,34944.0,603.0,31732.0,533.0,34425.0,582.0
2020-03-23,United States,11152.0,187.0,46096.0,790.0,41417.0,693.0,45502.0,768.0
2020-03-24,United States,10618.0,243.0,56714.0,1033.0,50202.0,899.0,55932.0,1005.0
2020-03-25,United States,12127.0,333.0,68841.0,1366.0,59672.0,1172.0,67694.0,1333.0
